Product_ID,Product_Name,Category,Brand,Cost_Price,Selling_Price
1,Electronics Item 1,Electronics,Vista,3908,4730.6
2,Electronics Item 2,Electronics,UrbanX,2740,3396.56
3,Electronics Item 3,Electronics,Apex,2384,2960.25
4,Electronics Item 4,Electronics,Nimbus,3906,4764.89
5,Electronics Item 5,Electronics,Aura,2855,3374.64
6,Electronics Item 6,Electronics,Aura,1589,1929.25
7,Electronics Item 7,Electronics,Vista,2216,2667.67
8,Electronics Item 8,Electronics,Apex,4653,5493.85
9,Electronics Item 9,Electronics,Nimbus,801,958.71
10,Electronics Item 10,Electronics,Apex,4102,4999.77
11,Electronics Item 11,Electronics,Everest,4000,4900.85
12,Electronics Item 12,Electronics,UrbanX,3771,4659.09
13,Electronics Item 13,Electronics,Apex,2510,3000.73
14,Electronics Item 14,Electronics,Aura,2608,3198.65
15,Electronics Item 15,Electronics,Aura,3976,4845.72
16,Electronics Item 16,Electronics,Aura,3585,4480.4
17,Electronics Item 17,Electronics,Vista,2982,3665.47
18,Electronics Item 18,Electronics,UrbanX,2611,3126.93
19,Electronics Item 19,Electronics,Prime,1677,2015.9
20,Electronics Item 20,Electronics,Everest,1669,1994.7
21,Electronics Item 21,Electronics,Vista,2365,2910.66
22,Electronics Item 22,Electronics,Vista,923,1142.94
23,Electronics Item 23,Electronics,Vista,1963,2365.93
24,Electronics Item 24,Electronics,Prime,215,264.36
25,Electronics Item 25,Electronics,Nova,2347,2776.94
26,Electronics Item 26,Electronics,Prime,4633,5561.68
27,Electronics Item 27,Electronics,Nova,4121,4892.37
28,Electronics Item 28,Electronics,Everest,4802,5761.94
29,Electronics Item 29,Electronics,Nova,3708,4463.87
30,Electronics Item 30,Electronics,Everest,2168,2701.06
31,Electronics Item 31,Electronics,Nimbus,1034,1279.62
32,Electronics Item 32,Electronics,Nova,4128,4892.45
33,Electronics Item 33,Electronics,Vista,1342,1597.58
34,Electronics Item 34,Electronics,UrbanX,797,995.91
35,Electronics Item 35,Electronics,Apex,4671,5761.73
36,Electronics Item 36,Electronics,Everest,4380,5285.02
37,Electronics Item 37,Electronics,Nimbus,2535,3143.94
38,Electronics Item 38,Electronics,Nova,2601,3172.71
39,Electronics Item 39,Electronics,Apex,912,1136.65
40,Electronics Item 40,Electronics,UrbanX,1828,2190.9
41,Electronics Item 41,Electronics,UrbanX,1386,1658.75
42,Electronics Item 42,Electronics,Everest,1382,1631.02
43,Electronics Item 43,Electronics,Nova,4964,6020.81
44,Electronics Item 44,Electronics,Vista,1996,2395.53
45,Electronics Item 45,Electronics,Apex,3819,4525.45
46,Electronics Item 46,Electronics,Apex,2267,2800.08
47,Electronics Item 47,Electronics,Apex,3582,4255.54
48,Electronics Item 48,Electronics,Prime,1320,1641.54
49,Electronics Item 49,Electronics,Vista,684,809.98
50,Electronics Item 50,Electronics,Vista,4974,6130.09
51,Electronics Item 51,Electronics,Vista,3697,4394.64
52,Electronics Item 52,Electronics,Everest,3397,4232.62
53,Electronics Item 53,Electronics,Nova,3686,4370.24
54,Electronics Item 54,Electronics,Vista,3639,4481.13
55,Electronics Item 55,Electronics,Nova,311,368.97
56,Electronics Item 56,Electronics,Prime,2307,2815.32
57,Electronics Item 57,Electronics,Everest,3954,4809.36
58,Electronics Item 58,Electronics,Nimbus,2378,2836.25
59,Electronics Item 59,Electronics,Everest,4128,5151.06
60,Electronics Item 60,Electronics,Aura,2950,3565.32
61,Electronics Item 61,Electronics,Aura,956,1185.48
62,Electronics Item 62,Electronics,Vista,3472,4265.55
63,Electronics Item 63,Electronics,Nova,3380,4180.89
64,Electronics Item 64,Electronics,Vista,3825,4537.08
65,Electronics Item 65,Electronics,Nimbus,2748,3264.94
66,Electronics Item 66,Electronics,Nova,4315,5340.87
67,Electronics Item 67,Electronics,Nova,4544,5508.87
68,Electronics Item 68,Electronics,Everest,1636,1989.85
69,Electronics Item 69,Electronics,Apex,3721,4588.73
70,Electronics Item 70,Electronics,Vista,2287,2786.58
71,Electronics Item 71,Electronics,Everest,3689,4580.48
72,Electronics Item 72,Electronics,Apex,1094,1293.13
73,Electronics Item 73,Electronics,Nova,1397,1678.85
74,Electronics Item 74,Electronics,Apex,4624,5588.38
75,Electronics Item 75,Electronics,UrbanX,1029,1247.46
76,Electronics Item 76,Electronics,Vista,1361,1653.46
77,Electronics Item 77,Electronics,Nimbus,4268,5246.99
78,Electronics Item 78,Electronics,Apex,4052,5059.4
79,Electronics Item 79,Electronics,Nimbus,3841,4680.6
80,Electronics Item 80,Electronics,Prime,1661,2067.17
81,Electronics Item 81,Electronics,Nimbus,671,804.76
82,Electronics Item 82,Electronics,Vista,2884,3591.73
83,Electronics Item 83,Electronics,Vista,121,145.18
84,Electronics Item 84,Electronics,Everest,4908,5990.68
85,Electronics Item 85,Electronics,Everest,1317,1595.23
86,Electronics Item 86,Electronics,Nimbus,2927,3521.97
87,Electronics Item 87,Electronics,Apex,3830,4769.5
88,Electronics Item 88,Electronics,Apex,2056,2508.37
89,Electronics Item 89,Electronics,Everest,3465,4099.29
90,Electronics Item 90,Electronics,Prime,3223,3890.24
91,Electronics Item 91,Electronics,Prime,4157,5186.01
92,Electronics Item 92,Electronics,Aura,4214,5257.28
93,Electronics Item 93,Electronics,Everest,922,1144.38
94,Electronics Item 94,Electronics,Everest,916,1114.6
95,Electronics Item 95,Electronics,Nimbus,225,276.88
96,Electronics Item 96,Electronics,Vista,1364,1616.66
97,Electronics Item 97,Electronics,Nimbus,2873,3515.48
98,Electronics Item 98,Electronics,Nimbus,757,938.4
99,Electronics Item 99,Electronics,Everest,2694,3297.12
100,Electronics Item 100,Electronics,UrbanX,4532,5359.15
101,Electronics Item 101,Electronics,Vista,2023,2476.52
102,Electronics Item 102,Electronics,Nimbus,1963,2418.95
103,Electronics Item 103,Electronics,UrbanX,906,1117.3
104,Electronics Item 104,Electronics,Vista,3734,4449.6
105,Electronics Item 105,Electronics,Nova,337,398.74
106,Electronics Item 106,Electronics,Nimbus,2503,3016.35
107,Electronics Item 107,Electronics,Nimbus,1292,1546.65
108,Electronics Item 108,Electronics,Prime,4736,5814.51
109,Electronics Item 109,Electronics,Nimbus,1492,1778.84
110,Electronics Item 110,Electronics,Prime,2072,2517.14
111,Electronics Item 111,Electronics,Vista,2002,2426.99
112,Electronics Item 112,Electronics,Nova,3864,4628.58
113,Electronics Item 113,Electronics,Prime,3911,4861.7
114,Electronics Item 114,Electronics,Aura,705,853.7
115,Electronics Item 115,Electronics,Nimbus,4913,5900.22
116,Electronics Item 116,Electronics,Vista,2148,2603.33
117,Electronics Item 117,Electronics,Everest,1731,2163.67
118,Electronics Item 118,Electronics,Aura,973,1164.3
119,Electronics Item 119,Electronics,Vista,4808,5773.02
120,Electronics Item 120,Electronics,Nimbus,279,348.32
121,Electronics Item 121,Electronics,Nova,2348,2771.97
122,Electronics Item 122,Electronics,Vista,4169,5162.47
123,Electronics Item 123,Electronics,Aura,1985,2426.65
124,Electronics Item 124,Electronics,Vista,1894,2319.32
125,Electronics Item 125,Electronics,Nova,1220,1493.25
126,Electronics Item 126,Electronics,Nova,2630,3248.58
127,Electronics Item 127,Electronics,Prime,4847,5843.25
128,Electronics Item 128,Electronics,Aura,838,1042.2
129,Electronics Item 129,Electronics,Prime,3503,4176.61
130,Electronics Item 130,Electronics,Aura,4518,5608.43
131,Electronics Item 131,Electronics,Vista,4448,5404.88
132,Electronics Item 132,Electronics,Everest,1447,1733.49
133,Electronics Item 133,Electronics,Aura,2517,3101.6
134,Electronics Item 134,Electronics,UrbanX,1043,1264.93
135,Electronics Item 135,Electronics,Apex,1253,1544.69
136,Electronics Item 136,Electronics,Aura,3355,4186.06
137,Electronics Item 137,Electronics,Nova,839,1036.46
138,Electronics Item 138,Electronics,Everest,2266,2758.99
139,Electronics Item 139,Electronics,Vista,3119,3827.32
140,Electronics Item 140,Electronics,Aura,4888,5898.21
141,Electronics Item 141,Electronics,Everest,987,1211.28
142,Electronics Item 142,Electronics,Aura,305,373.13
143,Electronics Item 143,Electronics,Everest,1913,2344.07
144,Electronics Item 144,Electronics,UrbanX,2575,3155.53
145,Electronics Item 145,Electronics,Nova,1245,1473.05
146,Electronics Item 146,Electronics,UrbanX,2593,3240.51
147,Electronics Item 147,Electronics,Prime,896,1072.01
148,Electronics Item 148,Electronics,Nimbus,3283,3978.19
149,Electronics Item 149,Electronics,Prime,4911,6050.15
150,Electronics Item 150,Electronics,Everest,3498,4288.0
151,Furniture Item 1,Furniture,Vista,3443,3778.91
152,Furniture Item 2,Furniture,Apex,368,400.24
153,Furniture Item 3,Furniture,Apex,3732,4022.3
154,Furniture Item 4,Furniture,Aura,3071,3267.46
155,Furniture Item 5,Furniture,Aura,4560,4998.07
156,Furniture Item 6,Furniture,Apex,596,641.25
157,Furniture Item 7,Furniture,Everest,1100,1207.76
158,Furniture Item 8,Furniture,Nova,850,923.53
159,Furniture Item 9,Furniture,Apex,514,561.02
160,Furniture Item 10,Furniture,Apex,1131,1234.46
161,Furniture Item 11,Furniture,Apex,662,723.69
162,Furniture Item 12,Furniture,Apex,4903,5239.53
163,Furniture Item 13,Furniture,Nova,2791,3044.91
164,Furniture Item 14,Furniture,Prime,2371,2594.67
165,Furniture Item 15,Furniture,Prime,1164,1258.99
166,Furniture Item 16,Furniture,Nova,1000,1086.44
167,Furniture Item 17,Furniture,Apex,1179,1250.44
168,Furniture Item 18,Furniture,Prime,4923,5282.14
169,Furniture Item 19,Furniture,Nimbus,2273,2414.14
170,Furniture Item 20,Furniture,UrbanX,4409,4693.58
171,Furniture Item 21,Furniture,Aura,4001,4312.8
172,Furniture Item 22,Furniture,Everest,4304,4664.45
173,Furniture Item 23,Furniture,Nova,4227,4518.08
174,Furniture Item 24,Furniture,Nova,4371,4686.0
175,Furniture Item 25,Furniture,Nimbus,598,657.77
176,Furniture Item 26,Furniture,Everest,3592,3906.1
177,Furniture Item 27,Furniture,UrbanX,3733,3967.95
178,Furniture Item 28,Furniture,UrbanX,2738,2968.9
179,Furniture Item 29,Furniture,Aura,1133,1213.44
180,Furniture Item 30,Furniture,Vista,3220,3541.31
181,Furniture Item 31,Furniture,Nimbus,3816,4122.13
182,Furniture Item 32,Furniture,UrbanX,912,995.65
183,Furniture Item 33,Furniture,Apex,4616,5026.06
184,Furniture Item 34,Furniture,Apex,3623,3905.82
185,Furniture Item 35,Furniture,Everest,3489,3745.64
186,Furniture Item 36,Furniture,UrbanX,3366,3623.97
187,Furniture Item 37,Furniture,Vista,2660,2865.01
188,Furniture Item 38,Furniture,Everest,3166,3476.72
189,Furniture Item 39,Furniture,UrbanX,649,690.31
190,Furniture Item 40,Furniture,Aura,863,929.69
191,Furniture Item 41,Furniture,Aura,1165,1260.83
192,Furniture Item 42,Furniture,Nimbus,1101,1185.15
193,Furniture Item 43,Furniture,Vista,521,572.44
194,Furniture Item 44,Furniture,Apex,2980,3171.15
195,Furniture Item 45,Furniture,Apex,1367,1484.93
196,Furniture Item 46,Furniture,Aura,986,1058.97
197,Furniture Item 47,Furniture,Apex,1041,1135.21
198,Furniture Item 48,Furniture,Nova,3615,3954.11
199,Furniture Item 49,Furniture,Vista,2290,2430.05
200,Furniture Item 50,Furniture,Aura,2631,2885.84
201,Furniture Item 51,Furniture,Prime,150,160.09
202,Furniture Item 52,Furniture,UrbanX,4739,5147.95
203,Furniture Item 53,Furniture,Nova,1262,1375.12
204,Furniture Item 54,Furniture,Apex,851,927.46
205,Furniture Item 55,Furniture,Aura,3181,3425.28
206,Furniture Item 56,Furniture,Aura,1389,1492.9
207,Furniture Item 57,Furniture,Nova,4749,5147.2
208,Furniture Item 58,Furniture,Nova,1374,1465.09
209,Furniture Item 59,Furniture,Nimbus,768,822.44
210,Furniture Item 60,Furniture,Nimbus,4078,4421.71
211,Furniture Item 61,Furniture,UrbanX,2337,2497.37
212,Furniture Item 62,Furniture,Vista,2927,3152.95
213,Furniture Item 63,Furniture,Vista,4958,5351.99
214,Furniture Item 64,Furniture,Nova,472,504.48
215,Furniture Item 65,Furniture,Apex,162,173.04
216,Furniture Item 66,Furniture,Vista,1224,1334.85
217,Furniture Item 67,Furniture,Everest,2787,2967.6
218,Furniture Item 68,Furniture,Nimbus,3627,3870.11
219,Furniture Item 69,Furniture,Aura,4462,4855.31
220,Furniture Item 70,Furniture,Nova,690,742.36
221,Furniture Item 71,Furniture,UrbanX,3673,3896.13
222,Furniture Item 72,Furniture,Nimbus,2664,2885.19
223,Furniture Item 73,Furniture,Nimbus,3521,3773.04
224,Furniture Item 74,Furniture,Prime,270,296.63
225,Furniture Item 75,Furniture,Aura,3869,4229.9
226,Furniture Item 76,Furniture,UrbanX,821,884.6
227,Furniture Item 77,Furniture,Nimbus,2093,2255.05
228,Furniture Item 78,Furniture,Vista,4392,4669.34
229,Furniture Item 79,Furniture,Prime,2881,3079.39
230,Furniture Item 80,Furniture,UrbanX,725,783.3
231,Furniture Item 81,Furniture,Aura,4446,4803.45
232,Furniture Item 82,Furniture,Prime,2976,3241.15
233,Furniture Item 83,Furniture,Vista,2035,2165.47
234,Furniture Item 84,Furniture,Prime,1716,1830.87
235,Furniture Item 85,Furniture,Everest,717,765.1
236,Furniture Item 86,Furniture,Everest,3900,4251.69
237,Furniture Item 87,Furniture,Aura,4724,5128.94
238,Furniture Item 88,Furniture,UrbanX,2689,2866.58
239,Furniture Item 89,Furniture,Vista,3941,4247.17
240,Furniture Item 90,Furniture,Aura,2350,2546.59
241,Furniture Item 91,Furniture,Everest,4256,4523.99
242,Furniture Item 92,Furniture,Aura,3802,4035.84
243,Furniture Item 93,Furniture,UrbanX,2451,2605.58
244,Furniture Item 94,Furniture,Everest,4966,5364.68
245,Furniture Item 95,Furniture,Nova,4854,5252.87
246,Furniture Item 96,Furniture,Apex,3784,4148.63
247,Furniture Item 97,Furniture,Prime,2733,2963.12
248,Furniture Item 98,Furniture,Aura,606,653.28
249,Furniture Item 99,Furniture,Prime,790,853.34
250,Furniture Item 100,Furniture,Everest,420,449.36
251,Furniture Item 101,Furniture,Prime,3699,3998.48
252,Furniture Item 102,Furniture,Vista,3081,3311.81
253,Furniture Item 103,Furniture,Aura,3273,3522.9
254,Furniture Item 104,Furniture,Aura,4997,5307.29
255,Furniture Item 105,Furniture,Nimbus,639,685.77
256,Furniture Item 106,Furniture,Prime,2427,2597.08
257,Furniture Item 107,Furniture,Prime,2830,3009.03
258,Furniture Item 108,Furniture,Nimbus,2965,3179.69
259,Furniture Item 109,Furniture,UrbanX,1156,1252.87
260,Furniture Item 110,Furniture,Aura,2636,2853.09
261,Furniture Item 111,Furniture,UrbanX,1146,1245.48
262,Furniture Item 112,Furniture,Nova,3568,3854.65
263,Furniture Item 113,Furniture,Apex,3070,3292.13
264,Furniture Item 114,Furniture,Everest,2899,3182.83
265,Furniture Item 115,Furniture,Prime,1672,1787.47
266,Furniture Item 116,Furniture,UrbanX,1369,1455.37
267,Furniture Item 117,Furniture,Nova,4258,4644.78
268,Furniture Item 118,Furniture,Prime,2858,3129.67
269,Furniture Item 119,Furniture,Prime,4992,5366.74
270,Furniture Item 120,Furniture,Prime,1581,1728.43
271,Furniture Item 121,Furniture,Aura,3685,3912.54
272,Furniture Item 122,Furniture,Vista,2045,2247.01
273,Furniture Item 123,Furniture,Apex,3777,4038.97
274,Furniture Item 124,Furniture,Everest,2635,2894.87
275,Furniture Item 125,Furniture,Everest,1689,1815.19
276,Furniture Item 126,Furniture,Nimbus,3882,4234.4
277,Furniture Item 127,Furniture,Prime,4219,4561.15
278,Furniture Item 128,Furniture,Prime,1735,1894.71
279,Furniture Item 129,Furniture,Everest,2148,2281.36
280,Furniture Item 130,Furniture,UrbanX,3140,3398.05
281,Furniture Item 131,Furniture,Vista,4326,4732.85
282,Furniture Item 132,Furniture,Vista,787,858.24
283,Furniture Item 133,Furniture,Prime,3780,4143.68
284,Furniture Item 134,Furniture,Apex,3683,3917.49
285,Furniture Item 135,Furniture,Nova,3795,4156.99
286,Furniture Item 136,Furniture,Aura,3498,3715.33
287,Furniture Item 137,Furniture,UrbanX,2031,2184.23
288,Furniture Item 138,Furniture,Aura,3171,3389.74
289,Furniture Item 139,Furniture,Aura,911,996.24
290,Furniture Item 140,Furniture,Vista,1296,1380.89
291,Furniture Item 141,Furniture,Prime,3970,4318.74
292,Furniture Item 142,Furniture,Nova,3942,4249.26
293,Furniture Item 143,Furniture,Apex,749,794.51
294,Furniture Item 144,Furniture,Nimbus,1324,1432.5
295,Furniture Item 145,Furniture,Apex,1010,1101.96
296,Furniture Item 146,Furniture,Apex,2567,2733.53
297,Furniture Item 147,Furniture,Everest,3539,3841.79
298,Furniture Item 148,Furniture,Everest,614,653.56
299,Furniture Item 149,Furniture,Apex,4988,5394.23
300,Furniture Item 150,Furniture,Nova,1276,1367.43
301,Grocery Item 1,Grocery,Nimbus,2990,3377.57
302,Grocery Item 2,Grocery,UrbanX,1634,1873.5
303,Grocery Item 3,Grocery,UrbanX,4388,5085.63
304,Grocery Item 4,Grocery,Nova,4409,5034.03
305,Grocery Item 5,Grocery,Nova,3298,3808.97
306,Grocery Item 6,Grocery,Vista,3269,3789.56
307,Grocery Item 7,Grocery,UrbanX,233,264.29
308,Grocery Item 8,Grocery,UrbanX,2924,3303.08
309,Grocery Item 9,Grocery,Aura,4866,5593.02
310,Grocery Item 10,Grocery,Aura,1192,1337.15
311,Grocery Item 11,Grocery,Everest,1534,1769.03
312,Grocery Item 12,Grocery,Prime,4020,4603.98
313,Grocery Item 13,Grocery,Everest,616,707.56
314,Grocery Item 14,Grocery,Nova,402,454.96
315,Grocery Item 15,Grocery,Aura,1734,2003.52
316,Grocery Item 16,Grocery,Everest,2640,3011.22
317,Grocery Item 17,Grocery,Apex,2175,2439.19
318,Grocery Item 18,Grocery,Nova,2443,2771.04
319,Grocery Item 19,Grocery,Aura,2819,3188.09
320,Grocery Item 20,Grocery,Everest,3679,4251.38
321,Grocery Item 21,Grocery,Prime,3267,3703.35
322,Grocery Item 22,Grocery,Aura,4164,4778.95
323,Grocery Item 23,Grocery,UrbanX,4353,4921.8
324,Grocery Item 24,Grocery,Prime,3577,4017.53
325,Grocery Item 25,Grocery,UrbanX,4568,5169.84
326,Grocery Item 26,Grocery,Vista,755,855.5
327,Grocery Item 27,Grocery,Nimbus,2610,2969.75
328,Grocery Item 28,Grocery,Aura,1465,1681.22
329,Grocery Item 29,Grocery,Aura,3762,4219.81
330,Grocery Item 30,Grocery,Nova,3663,4142.79
331,Grocery Item 31,Grocery,Nimbus,714,818.85
332,Grocery Item 32,Grocery,Prime,3076,3508.25
333,Grocery Item 33,Grocery,Everest,355,399.63
334,Grocery Item 34,Grocery,Apex,385,433.14
335,Grocery Item 35,Grocery,Nova,3100,3516.91
336,Grocery Item 36,Grocery,Aura,1356,1555.55
337,Grocery Item 37,Grocery,UrbanX,3147,3580.52
338,Grocery Item 38,Grocery,Aura,4801,5403.56
339,Grocery Item 39,Grocery,Vista,3360,3805.45
340,Grocery Item 40,Grocery,Nova,2144,2483.65
341,Grocery Item 41,Grocery,Nimbus,1624,1851.3
342,Grocery Item 42,Grocery,Vista,4701,5287.26
343,Grocery Item 43,Grocery,Vista,3755,4237.83
344,Grocery Item 44,Grocery,Prime,4123,4650.77
345,Grocery Item 45,Grocery,Everest,706,803.49
346,Grocery Item 46,Grocery,Aura,819,943.83
347,Grocery Item 47,Grocery,Vista,2946,3383.13
348,Grocery Item 48,Grocery,Prime,2557,2950.92
349,Grocery Item 49,Grocery,UrbanX,3061,3490.61
350,Grocery Item 50,Grocery,Apex,1746,2010.84
351,Grocery Item 51,Grocery,Aura,4147,4649.0
352,Grocery Item 52,Grocery,Prime,3928,4525.63
353,Grocery Item 53,Grocery,Nimbus,806,904.84
354,Grocery Item 54,Grocery,Nimbus,4021,4588.07
355,Grocery Item 55,Grocery,Aura,4809,5400.27
356,Grocery Item 56,Grocery,Aura,707,804.57
357,Grocery Item 57,Grocery,Prime,1151,1329.54
358,Grocery Item 58,Grocery,Nova,1157,1315.86
359,Grocery Item 59,Grocery,Vista,1117,1274.19
360,Grocery Item 60,Grocery,Apex,1448,1631.14
361,Grocery Item 61,Grocery,Vista,2934,3397.28
362,Grocery Item 62,Grocery,Vista,746,843.0
363,Grocery Item 63,Grocery,UrbanX,1125,1288.13
364,Grocery Item 64,Grocery,Prime,4217,4831.16
365,Grocery Item 65,Grocery,Aura,1502,1721.82
366,Grocery Item 66,Grocery,Nova,4717,5290.81
367,Grocery Item 67,Grocery,Vista,765,858.19
368,Grocery Item 68,Grocery,Nimbus,1826,2101.14
369,Grocery Item 69,Grocery,Vista,348,396.69
370,Grocery Item 70,Grocery,Nimbus,2574,2932.6
371,Grocery Item 71,Grocery,Nova,2536,2886.33
372,Grocery Item 72,Grocery,Everest,1394,1585.79
373,Grocery Item 73,Grocery,Prime,3904,4404.34
374,Grocery Item 74,Grocery,Aura,2660,3070.86
375,Grocery Item 75,Grocery,Prime,2929,3394.75
376,Grocery Item 76,Grocery,UrbanX,3135,3575.78
377,Grocery Item 77,Grocery,UrbanX,2714,3065.92
378,Grocery Item 78,Grocery,Prime,2291,2607.12
379,Grocery Item 79,Grocery,Nimbus,893,1001.97
380,Grocery Item 80,Grocery,Prime,3525,3983.01
381,Grocery Item 81,Grocery,Aura,2782,3219.75
382,Grocery Item 82,Grocery,Everest,1655,1904.12
383,Grocery Item 83,Grocery,Vista,4316,4914.51
384,Grocery Item 84,Grocery,Nimbus,4174,4678.75
385,Grocery Item 85,Grocery,Apex,4240,4826.35
386,Grocery Item 86,Grocery,Nova,1862,2128.89
387,Grocery Item 87,Grocery,Everest,514,581.46
388,Grocery Item 88,Grocery,UrbanX,2440,2785.18
389,Grocery Item 89,Grocery,Vista,3630,4085.05
390,Grocery Item 90,Grocery,Aura,3096,3562.12
391,Grocery Item 91,Grocery,Apex,470,533.93
392,Grocery Item 92,Grocery,UrbanX,3069,3505.19
393,Grocery Item 93,Grocery,Vista,3264,3721.52
394,Grocery Item 94,Grocery,UrbanX,1073,1207.28
395,Grocery Item 95,Grocery,Aura,3326,3774.77
396,Grocery Item 96,Grocery,Prime,4669,5404.64
397,Grocery Item 97,Grocery,Nimbus,1730,1979.29
398,Grocery Item 98,Grocery,Nova,4196,4706.28
399,Grocery Item 99,Grocery,Everest,1222,1403.52
400,Grocery Item 100,Grocery,Prime,4354,4956.07
401,Grocery Item 101,Grocery,Aura,2786,3224.11
402,Grocery Item 102,Grocery,Vista,1431,1625.21
403,Grocery Item 103,Grocery,Everest,4963,5625.34
404,Grocery Item 104,Grocery,Nova,4711,5332.81
405,Grocery Item 105,Grocery,UrbanX,3117,3532.34
406,Grocery Item 106,Grocery,Nova,3512,4015.44
407,Grocery Item 107,Grocery,Apex,4989,5682.39
408,Grocery Item 108,Grocery,Prime,520,594.54
409,Grocery Item 109,Grocery,Nimbus,4394,5031.84
410,Grocery Item 110,Grocery,Apex,1310,1510.26
411,Grocery Item 111,Grocery,UrbanX,358,409.16
412,Grocery Item 112,Grocery,Aura,1662,1862.7
413,Grocery Item 113,Grocery,Apex,3530,3974.98
414,Grocery Item 114,Grocery,Everest,3461,3945.79
415,Grocery Item 115,Grocery,Apex,610,700.42
416,Grocery Item 116,Grocery,Everest,4694,5318.31
417,Grocery Item 117,Grocery,Prime,4404,4998.86
418,Grocery Item 118,Grocery,Aura,3865,4469.81
419,Grocery Item 119,Grocery,Vista,4575,5188.83
420,Grocery Item 120,Grocery,Apex,4066,4585.19
421,Grocery Item 121,Grocery,Apex,2385,2724.44
422,Grocery Item 122,Grocery,Apex,2538,2920.85
423,Grocery Item 123,Grocery,Aura,4105,4649.66
424,Grocery Item 124,Grocery,Vista,4691,5429.12
425,Grocery Item 125,Grocery,Nimbus,2457,2763.82
426,Grocery Item 126,Grocery,Prime,3332,3840.91
427,Grocery Item 127,Grocery,UrbanX,2479,2780.65
428,Grocery Item 128,Grocery,Vista,2937,3397.99
429,Grocery Item 129,Grocery,Vista,4024,4541.32
430,Grocery Item 130,Grocery,Prime,4704,5399.47
431,Grocery Item 131,Grocery,Apex,994,1137.76
432,Grocery Item 132,Grocery,Apex,2086,2340.56
433,Grocery Item 133,Grocery,Nimbus,2007,2252.05
434,Grocery Item 134,Grocery,UrbanX,2805,3222.09
435,Grocery Item 135,Grocery,Prime,1226,1373.37
436,Grocery Item 136,Grocery,Everest,3433,3934.62
437,Grocery Item 137,Grocery,Vista,4011,4596.69
438,Grocery Item 138,Grocery,Nova,2731,3089.9
439,Grocery Item 139,Grocery,Apex,832,953.55
440,Grocery Item 140,Grocery,Nova,4483,5153.42
441,Grocery Item 141,Grocery,Prime,1534,1743.72
442,Grocery Item 142,Grocery,Nimbus,397,460.48
443,Grocery Item 143,Grocery,Vista,4158,4687.95
444,Grocery Item 144,Grocery,UrbanX,406,454.87
445,Grocery Item 145,Grocery,Everest,2844,3217.65
446,Grocery Item 146,Grocery,Everest,1199,1383.7
447,Grocery Item 147,Grocery,UrbanX,2335,2633.21
448,Grocery Item 148,Grocery,Everest,2808,3163.21
449,Grocery Item 149,Grocery,Nova,2207,2535.28
450,Grocery Item 150,Grocery,Apex,2861,3294.82
451,Fashion Item 1,Fashion,Nimbus,1537,1820.48
452,Fashion Item 2,Fashion,UrbanX,3603,4253.74
453,Fashion Item 3,Fashion,Prime,3383,4014.84
454,Fashion Item 4,Fashion,Apex,1251,1475.05
455,Fashion Item 5,Fashion,Apex,155,181.42
456,Fashion Item 6,Fashion,Aura,3759,4473.77
457,Fashion Item 7,Fashion,Nova,2573,3044.63
458,Fashion Item 8,Fashion,Apex,2242,2659.34
459,Fashion Item 9,Fashion,Everest,608,721.52
460,Fashion Item 10,Fashion,Vista,2613,3047.77
461,Fashion Item 11,Fashion,Vista,1061,1257.87
462,Fashion Item 12,Fashion,Apex,3110,3684.06
463,Fashion Item 13,Fashion,Everest,1194,1407.88
464,Fashion Item 14,Fashion,Everest,3160,3718.16
465,Fashion Item 15,Fashion,Apex,4503,5367.94
466,Fashion Item 16,Fashion,UrbanX,2127,2525.2
467,Fashion Item 17,Fashion,Aura,4404,5187.34
468,Fashion Item 18,Fashion,UrbanX,739,884.35
469,Fashion Item 19,Fashion,Apex,605,721.86
470,Fashion Item 20,Fashion,Prime,4791,5660.41
471,Fashion Item 21,Fashion,Everest,2787,3328.18
472,Fashion Item 22,Fashion,Everest,1052,1248.95
473,Fashion Item 23,Fashion,Everest,844,1009.39
474,Fashion Item 24,Fashion,Nimbus,555,653.87
475,Fashion Item 25,Fashion,Everest,3842,4543.38
476,Fashion Item 26,Fashion,Nimbus,2624,3119.76
477,Fashion Item 27,Fashion,Apex,2184,2604.77
478,Fashion Item 28,Fashion,Nimbus,4837,5625.05
479,Fashion Item 29,Fashion,Nova,2922,3471.38
480,Fashion Item 30,Fashion,Everest,665,797.63
481,Fashion Item 31,Fashion,Prime,359,420.56
482,Fashion Item 32,Fashion,Nimbus,1209,1439.48
483,Fashion Item 33,Fashion,Nimbus,3167,3799.5
484,Fashion Item 34,Fashion,Nimbus,3774,4509.12
485,Fashion Item 35,Fashion,Prime,3177,3695.52
486,Fashion Item 36,Fashion,Nimbus,2948,3433.67
487,Fashion Item 37,Fashion,Apex,4432,5163.7
488,Fashion Item 38,Fashion,Vista,128,152.35
489,Fashion Item 39,Fashion,Nimbus,3892,4619.57
490,Fashion Item 40,Fashion,Apex,4457,5237.74
491,Fashion Item 41,Fashion,Prime,2127,2506.51
492,Fashion Item 42,Fashion,UrbanX,2358,2753.06
493,Fashion Item 43,Fashion,Nimbus,363,432.83
494,Fashion Item 44,Fashion,UrbanX,228,266.67
495,Fashion Item 45,Fashion,Everest,926,1096.16
496,Fashion Item 46,Fashion,Nova,4997,5930.84
497,Fashion Item 47,Fashion,Nimbus,2104,2502.96
498,Fashion Item 48,Fashion,Apex,3695,4320.84
499,Fashion Item 49,Fashion,Vista,562,655.07
500,Fashion Item 50,Fashion,Aura,2018,2406.73
501,Fashion Item 51,Fashion,Aura,4830,5718.32
502,Fashion Item 52,Fashion,Prime,2040,2391.02
503,Fashion Item 53,Fashion,Vista,4370,5107.84
504,Fashion Item 54,Fashion,Prime,2354,2736.38
505,Fashion Item 55,Fashion,Nova,3599,4254.86
506,Fashion Item 56,Fashion,Nimbus,2921,3498.37
507,Fashion Item 57,Fashion,Nimbus,4396,5155.41
508,Fashion Item 58,Fashion,Nimbus,3444,4015.6
509,Fashion Item 59,Fashion,Everest,1606,1911.42
510,Fashion Item 60,Fashion,Vista,2074,2476.3
511,Fashion Item 61,Fashion,Nova,1282,1528.44
512,Fashion Item 62,Fashion,Nimbus,4707,5537.82
513,Fashion Item 63,Fashion,Nimbus,4665,5510.3
514,Fashion Item 64,Fashion,Aura,2089,2444.55
515,Fashion Item 65,Fashion,Aura,747,894.08
516,Fashion Item 66,Fashion,Apex,857,1012.48
517,Fashion Item 67,Fashion,Nova,522,611.13
518,Fashion Item 68,Fashion,Apex,696,812.6
519,Fashion Item 69,Fashion,Aura,4027,4704.97
520,Fashion Item 70,Fashion,Nova,2583,3095.16
521,Fashion Item 71,Fashion,UrbanX,1835,2197.39
522,Fashion Item 72,Fashion,Apex,4023,4813.83
523,Fashion Item 73,Fashion,Aura,3349,4007.43
524,Fashion Item 74,Fashion,Aura,2418,2841.7
525,Fashion Item 75,Fashion,Everest,2626,3073.63
526,Fashion Item 76,Fashion,Everest,3917,4559.17
527,Fashion Item 77,Fashion,Aura,2723,3258.27
528,Fashion Item 78,Fashion,Apex,2663,3133.17
529,Fashion Item 79,Fashion,Nimbus,1295,1503.04
530,Fashion Item 80,Fashion,Aura,2518,2936.23
531,Fashion Item 81,Fashion,Apex,1984,2331.58
532,Fashion Item 82,Fashion,Aura,4190,4952.69
533,Fashion Item 83,Fashion,Everest,2208,2628.7
534,Fashion Item 84,Fashion,Aura,4118,4852.79
535,Fashion Item 85,Fashion,Everest,1486,1732.08
536,Fashion Item 86,Fashion,Nova,1607,1923.06
537,Fashion Item 87,Fashion,UrbanX,4392,5100.66
538,Fashion Item 88,Fashion,Nimbus,497,591.72
539,Fashion Item 89,Fashion,Apex,1226,1463.48
540,Fashion Item 90,Fashion,Nova,656,779.52
541,Fashion Item 91,Fashion,Aura,1891,2231.81
542,Fashion Item 92,Fashion,Everest,595,704.9
543,Fashion Item 93,Fashion,Nimbus,4096,4753.94
544,Fashion Item 94,Fashion,Vista,197,228.65
545,Fashion Item 95,Fashion,Nova,4488,5381.56
546,Fashion Item 96,Fashion,Nimbus,4214,5025.31
547,Fashion Item 97,Fashion,UrbanX,1568,1825.59
548,Fashion Item 98,Fashion,Apex,4395,5124.38
549,Fashion Item 99,Fashion,Aura,4412,5162.47
550,Fashion Item 100,Fashion,UrbanX,2289,2728.02
551,Fashion Item 101,Fashion,Everest,3156,3782.06
552,Fashion Item 102,Fashion,Apex,4728,5530.48
553,Fashion Item 103,Fashion,UrbanX,2557,3036.08
554,Fashion Item 104,Fashion,Nimbus,359,417.78
555,Fashion Item 105,Fashion,Nova,3189,3769.74
556,Fashion Item 106,Fashion,UrbanX,177,210.3
557,Fashion Item 107,Fashion,Aura,4194,5006.85
558,Fashion Item 108,Fashion,UrbanX,4735,5677.71
559,Fashion Item 109,Fashion,Apex,4426,5296.89
560,Fashion Item 110,Fashion,Everest,1831,2189.97
561,Fashion Item 111,Fashion,UrbanX,2320,2695.52
562,Fashion Item 112,Fashion,Nova,2396,2865.55
563,Fashion Item 113,Fashion,Aura,1569,1878.33
564,Fashion Item 114,Fashion,Prime,228,273.25
565,Fashion Item 115,Fashion,Vista,3362,4024.84
566,Fashion Item 116,Fashion,Nimbus,1430,1691.06
567,Fashion Item 117,Fashion,Prime,4528,5312.56
568,Fashion Item 118,Fashion,Aura,742,875.58
569,Fashion Item 119,Fashion,Apex,539,627.35
570,Fashion Item 120,Fashion,Nimbus,722,847.36
571,Fashion Item 121,Fashion,Vista,2773,3219.97
572,Fashion Item 122,Fashion,Aura,3790,4470.78
573,Fashion Item 123,Fashion,Nimbus,4630,5545.1
574,Fashion Item 124,Fashion,Nimbus,1621,1924.43
575,Fashion Item 125,Fashion,Vista,802,955.09
576,Fashion Item 126,Fashion,UrbanX,2118,2517.29
577,Fashion Item 127,Fashion,Prime,2295,2676.36
578,Fashion Item 128,Fashion,UrbanX,3291,3859.25
579,Fashion Item 129,Fashion,Vista,849,985.02
580,Fashion Item 130,Fashion,Vista,3743,4395.77
581,Fashion Item 131,Fashion,Prime,937,1091.89
582,Fashion Item 132,Fashion,Nimbus,3630,4275.97
583,Fashion Item 133,Fashion,Aura,946,1098.35
584,Fashion Item 134,Fashion,Aura,4640,5399.67
585,Fashion Item 135,Fashion,Nimbus,3255,3777.41
586,Fashion Item 136,Fashion,Apex,3276,3902.26
587,Fashion Item 137,Fashion,Nimbus,4785,5650.34
588,Fashion Item 138,Fashion,Vista,1488,1734.34
589,Fashion Item 139,Fashion,UrbanX,2298,2711.01
590,Fashion Item 140,Fashion,Nimbus,1469,1729.58
591,Fashion Item 141,Fashion,UrbanX,2555,3013.29
592,Fashion Item 142,Fashion,Apex,3058,3578.07
593,Fashion Item 143,Fashion,Apex,4161,4925.59
594,Fashion Item 144,Fashion,Vista,3850,4482.47
595,Fashion Item 145,Fashion,Aura,155,185.68
596,Fashion Item 146,Fashion,Aura,3212,3829.23
597,Fashion Item 147,Fashion,Prime,3706,4348.58
598,Fashion Item 148,Fashion,Apex,2561,3003.61
599,Fashion Item 149,Fashion,Nimbus,4024,4718.41
600,Fashion Item 150,Fashion,Everest,2714,3179.88
601,Beauty Item 1,Beauty,Aura,4817,6102.75
602,Beauty Item 2,Beauty,Nimbus,3180,3933.08
603,Beauty Item 3,Beauty,Apex,3090,3790.91
604,Beauty Item 4,Beauty,Prime,4951,6336.47
605,Beauty Item 5,Beauty,Everest,4606,5626.76
606,Beauty Item 6,Beauty,Vista,1817,2264.54
607,Beauty Item 7,Beauty,Nimbus,666,845.25
608,Beauty Item 8,Beauty,Vista,4190,5146.79
609,Beauty Item 9,Beauty,Prime,2082,2571.6
610,Beauty Item 10,Beauty,UrbanX,3566,4519.35
611,Beauty Item 11,Beauty,Everest,3778,4833.73
612,Beauty Item 12,Beauty,Nimbus,4869,6057.27
613,Beauty Item 13,Beauty,Aura,4553,5564.7
614,Beauty Item 14,Beauty,UrbanX,4498,5647.82
615,Beauty Item 15,Beauty,Aura,995,1259.81
616,Beauty Item 16,Beauty,Nova,1462,1840.39
617,Beauty Item 17,Beauty,Nimbus,4713,6028.0
618,Beauty Item 18,Beauty,Nimbus,2816,3598.69
619,Beauty Item 19,Beauty,Vista,967,1180.35
620,Beauty Item 20,Beauty,Apex,1918,2398.73
621,Beauty Item 21,Beauty,Everest,3751,4660.42
622,Beauty Item 22,Beauty,Prime,4921,6207.48
623,Beauty Item 23,Beauty,Everest,2925,3743.6
624,Beauty Item 24,Beauty,UrbanX,956,1183.27
625,Beauty Item 25,Beauty,Prime,1050,1333.37
626,Beauty Item 26,Beauty,Everest,2953,3657.92
627,Beauty Item 27,Beauty,Aura,1794,2244.77
628,Beauty Item 28,Beauty,Everest,4000,4903.43
629,Beauty Item 29,Beauty,Nova,2712,3319.57
630,Beauty Item 30,Beauty,Aura,1042,1272.65
631,Beauty Item 31,Beauty,Prime,995,1254.33
632,Beauty Item 32,Beauty,Prime,2098,2624.51
633,Beauty Item 33,Beauty,Everest,2811,3523.84
634,Beauty Item 34,Beauty,Prime,1999,2534.46
635,Beauty Item 35,Beauty,Nimbus,1626,2046.21
636,Beauty Item 36,Beauty,Apex,3340,4080.65
637,Beauty Item 37,Beauty,Nimbus,3782,4748.42
638,Beauty Item 38,Beauty,Apex,136,171.67
639,Beauty Item 39,Beauty,UrbanX,2380,3011.03
640,Beauty Item 40,Beauty,Prime,4829,5920.86
641,Beauty Item 41,Beauty,Everest,3096,3837.67
642,Beauty Item 42,Beauty,Everest,1033,1276.52
643,Beauty Item 43,Beauty,Aura,4423,5652.39
644,Beauty Item 44,Beauty,Nimbus,4990,6204.16
645,Beauty Item 45,Beauty,Aura,4908,6021.4
646,Beauty Item 46,Beauty,Vista,3850,4839.61
647,Beauty Item 47,Beauty,Prime,4934,6044.57
648,Beauty Item 48,Beauty,Vista,2665,3270.15
649,Beauty Item 49,Beauty,Prime,1058,1302.38
650,Beauty Item 50,Beauty,Prime,4284,5326.33
651,Beauty Item 51,Beauty,Prime,4808,5976.45
652,Beauty Item 52,Beauty,Prime,4086,5140.72
653,Beauty Item 53,Beauty,Vista,4645,5713.41
654,Beauty Item 54,Beauty,Everest,1249,1537.8
655,Beauty Item 55,Beauty,Nova,539,685.57
656,Beauty Item 56,Beauty,Nimbus,4069,4997.51
657,Beauty Item 57,Beauty,Everest,4700,5876.53
658,Beauty Item 58,Beauty,Nimbus,3451,4351.99
659,Beauty Item 59,Beauty,UrbanX,3736,4667.47
660,Beauty Item 60,Beauty,Apex,4731,5780.58
661,Beauty Item 61,Beauty,Apex,2492,3045.13
662,Beauty Item 62,Beauty,Everest,4504,5572.89
663,Beauty Item 63,Beauty,Everest,4733,5985.12
664,Beauty Item 64,Beauty,UrbanX,4603,5756.73
665,Beauty Item 65,Beauty,Aura,2294,2905.37
666,Beauty Item 66,Beauty,Nova,4540,5762.88
667,Beauty Item 67,Beauty,Nimbus,3715,4654.08
668,Beauty Item 68,Beauty,Apex,938,1185.78
669,Beauty Item 69,Beauty,Nova,2538,3229.58
670,Beauty Item 70,Beauty,UrbanX,3784,4676.15
671,Beauty Item 71,Beauty,UrbanX,3696,4701.01
672,Beauty Item 72,Beauty,Aura,2041,2515.72
673,Beauty Item 73,Beauty,Prime,3607,4436.46
674,Beauty Item 74,Beauty,Nova,1792,2273.71
675,Beauty Item 75,Beauty,Vista,4770,5919.8
676,Beauty Item 76,Beauty,Aura,4989,6247.85
677,Beauty Item 77,Beauty,Vista,2497,3089.69
678,Beauty Item 78,Beauty,UrbanX,4314,5518.16
679,Beauty Item 79,Beauty,Nimbus,1210,1546.1
680,Beauty Item 80,Beauty,Prime,585,748.54
681,Beauty Item 81,Beauty,Aura,1187,1465.92
682,Beauty Item 82,Beauty,Nimbus,2127,2692.12
683,Beauty Item 83,Beauty,Vista,4109,5048.03
684,Beauty Item 84,Beauty,UrbanX,3493,4340.09
685,Beauty Item 85,Beauty,Vista,862,1072.48
686,Beauty Item 86,Beauty,Everest,3123,3895.26
687,Beauty Item 87,Beauty,UrbanX,2781,3489.93
688,Beauty Item 88,Beauty,Aura,3855,4849.94
689,Beauty Item 89,Beauty,Nimbus,618,783.46
690,Beauty Item 90,Beauty,Apex,1884,2407.92
691,Beauty Item 91,Beauty,Vista,4152,5132.34
692,Beauty Item 92,Beauty,Prime,2866,3590.64
693,Beauty Item 93,Beauty,Aura,4737,6021.42
694,Beauty Item 94,Beauty,Everest,496,606.49
695,Beauty Item 95,Beauty,Prime,233,286.0
696,Beauty Item 96,Beauty,Nimbus,3715,4634.06
697,Beauty Item 97,Beauty,Prime,1757,2248.51
698,Beauty Item 98,Beauty,Vista,2572,3162.37
699,Beauty Item 99,Beauty,Vista,864,1088.01
700,Beauty Item 100,Beauty,Prime,775,962.79
701,Beauty Item 101,Beauty,Vista,524,651.74
702,Beauty Item 102,Beauty,UrbanX,2018,2513.93
703,Beauty Item 103,Beauty,Everest,879,1072.44
704,Beauty Item 104,Beauty,Apex,738,906.24
705,Beauty Item 105,Beauty,Nova,4355,5490.78
706,Beauty Item 106,Beauty,UrbanX,166,209.45
707,Beauty Item 107,Beauty,Everest,3559,4490.18
708,Beauty Item 108,Beauty,UrbanX,680,838.94
709,Beauty Item 109,Beauty,Aura,939,1151.39
710,Beauty Item 110,Beauty,Prime,2551,3133.21
711,Beauty Item 111,Beauty,Nova,1270,1554.61
712,Beauty Item 112,Beauty,Apex,1444,1799.81
713,Beauty Item 113,Beauty,Everest,1340,1708.76
714,Beauty Item 114,Beauty,UrbanX,1879,2302.15
715,Beauty Item 115,Beauty,Nimbus,1246,1576.37
716,Beauty Item 116,Beauty,Aura,2979,3806.55
717,Beauty Item 117,Beauty,UrbanX,1245,1537.41
718,Beauty Item 118,Beauty,Vista,2132,2671.83
719,Beauty Item 119,Beauty,Vista,319,405.41
720,Beauty Item 120,Beauty,Apex,1783,2230.65
721,Beauty Item 121,Beauty,Nova,3309,4095.66
722,Beauty Item 122,Beauty,UrbanX,2060,2574.37
723,Beauty Item 123,Beauty,UrbanX,2074,2592.45
724,Beauty Item 124,Beauty,Nova,4427,5637.0
725,Beauty Item 125,Beauty,Prime,3058,3902.12
726,Beauty Item 126,Beauty,Nimbus,3268,4155.75
727,Beauty Item 127,Beauty,Prime,3093,3874.85
728,Beauty Item 128,Beauty,UrbanX,3958,5055.42
729,Beauty Item 129,Beauty,Nova,236,296.24
730,Beauty Item 130,Beauty,Nova,2247,2770.43
731,Beauty Item 131,Beauty,Nimbus,3360,4201.33
732,Beauty Item 132,Beauty,UrbanX,3569,4504.47
733,Beauty Item 133,Beauty,Prime,4495,5628.91
734,Beauty Item 134,Beauty,UrbanX,2373,2906.96
735,Beauty Item 135,Beauty,Prime,4288,5468.3
736,Beauty Item 136,Beauty,UrbanX,4494,5570.78
737,Beauty Item 137,Beauty,Apex,2640,3331.47
738,Beauty Item 138,Beauty,Nimbus,574,708.7
739,Beauty Item 139,Beauty,Nova,1050,1309.56
740,Beauty Item 140,Beauty,Prime,2633,3317.49
741,Beauty Item 141,Beauty,Prime,1078,1315.98
742,Beauty Item 142,Beauty,Aura,192,236.13
743,Beauty Item 143,Beauty,Vista,4384,5484.53
744,Beauty Item 144,Beauty,Vista,1467,1822.47
745,Beauty Item 145,Beauty,Nova,1067,1351.13
746,Beauty Item 146,Beauty,Vista,2844,3607.4
747,Beauty Item 147,Beauty,UrbanX,4391,5373.85
748,Beauty Item 148,Beauty,Aura,4164,5193.81
749,Beauty Item 149,Beauty,Prime,554,692.49
750,Beauty Item 150,Beauty,UrbanX,3112,3826.01
751,Appliances Item 1,Appliances,UrbanX,4801,5122.5
752,Appliances Item 2,Appliances,Nova,1971,2108.24
753,Appliances Item 3,Appliances,Nova,460,494.2
754,Appliances Item 4,Appliances,Aura,2103,2190.99
755,Appliances Item 5,Appliances,Prime,3237,3485.63
756,Appliances Item 6,Appliances,Nimbus,389,413.16
757,Appliances Item 7,Appliances,Nimbus,1939,2041.52
758,Appliances Item 8,Appliances,UrbanX,2720,2858.31
759,Appliances Item 9,Appliances,Nova,4782,5044.59
760,Appliances Item 10,Appliances,Nova,1569,1645.77
761,Appliances Item 11,Appliances,Everest,3384,3528.69
762,Appliances Item 12,Appliances,Vista,2412,2583.11
763,Appliances Item 13,Appliances,Everest,2781,2901.85
764,Appliances Item 14,Appliances,Vista,165,174.03
765,Appliances Item 15,Appliances,Apex,4718,5054.77
766,Appliances Item 16,Appliances,Everest,3900,4113.45
767,Appliances Item 17,Appliances,Apex,1700,1817.81
768,Appliances Item 18,Appliances,Nimbus,1333,1386.66
769,Appliances Item 19,Appliances,Aura,295,309.55
770,Appliances Item 20,Appliances,Nova,178,191.89
771,Appliances Item 21,Appliances,Vista,3182,3417.34
772,Appliances Item 22,Appliances,Apex,951,996.85
773,Appliances Item 23,Appliances,Nova,3539,3750.21
774,Appliances Item 24,Appliances,UrbanX,1266,1352.68
775,Appliances Item 25,Appliances,Nimbus,459,494.27
776,Appliances Item 26,Appliances,UrbanX,3151,3334.82
777,Appliances Item 27,Appliances,Prime,4857,5069.85
778,Appliances Item 28,Appliances,Nova,3330,3473.17
779,Appliances Item 29,Appliances,Prime,3663,3906.58
780,Appliances Item 30,Appliances,Aura,2039,2144.35
781,Appliances Item 31,Appliances,Aura,3319,3544.79
782,Appliances Item 32,Appliances,Apex,2705,2862.19
783,Appliances Item 33,Appliances,Prime,711,766.27
784,Appliances Item 34,Appliances,UrbanX,4889,5105.87
785,Appliances Item 35,Appliances,Aura,1446,1529.84
786,Appliances Item 36,Appliances,Aura,3430,3583.77
787,Appliances Item 37,Appliances,Everest,1800,1904.54
788,Appliances Item 38,Appliances,UrbanX,2270,2438.21
789,Appliances Item 39,Appliances,Vista,1391,1491.57
790,Appliances Item 40,Appliances,Aura,430,450.9
791,Appliances Item 41,Appliances,Apex,1315,1372.4
792,Appliances Item 42,Appliances,Nova,3014,3182.33
793,Appliances Item 43,Appliances,Prime,2548,2676.44
794,Appliances Item 44,Appliances,Everest,354,381.64
795,Appliances Item 45,Appliances,Apex,4654,4979.42
796,Appliances Item 46,Appliances,Prime,875,926.17
797,Appliances Item 47,Appliances,Apex,1094,1138.28
798,Appliances Item 48,Appliances,Nimbus,1170,1226.07
799,Appliances Item 49,Appliances,UrbanX,3149,3361.4
800,Appliances Item 50,Appliances,UrbanX,4870,5178.98
801,Appliances Item 51,Appliances,Apex,278,300.21
802,Appliances Item 52,Appliances,UrbanX,3732,4002.09
803,Appliances Item 53,Appliances,Everest,2816,2942.44
804,Appliances Item 54,Appliances,Nimbus,514,538.01
805,Appliances Item 55,Appliances,Nimbus,3335,3534.58
806,Appliances Item 56,Appliances,Apex,3595,3763.65
807,Appliances Item 57,Appliances,Everest,1633,1716.28
808,Appliances Item 58,Appliances,Apex,1317,1371.51
809,Appliances Item 59,Appliances,Everest,2517,2667.91
810,Appliances Item 60,Appliances,Nimbus,599,625.06
811,Appliances Item 61,Appliances,Apex,1224,1293.49
812,Appliances Item 62,Appliances,Nimbus,4553,4879.88
813,Appliances Item 63,Appliances,Everest,3041,3220.99
814,Appliances Item 64,Appliances,Aura,2918,3141.25
815,Appliances Item 65,Appliances,Nova,3281,3447.73
816,Appliances Item 66,Appliances,Nova,2712,2885.26
817,Appliances Item 67,Appliances,Everest,2401,2502.67
818,Appliances Item 68,Appliances,Apex,4437,4677.92
819,Appliances Item 69,Appliances,Apex,1407,1468.92
820,Appliances Item 70,Appliances,Nova,2283,2423.06
821,Appliances Item 71,Appliances,Nimbus,1897,2016.56
822,Appliances Item 72,Appliances,Prime,3006,3238.69
823,Appliances Item 73,Appliances,Aura,1542,1618.27
824,Appliances Item 74,Appliances,Nova,3039,3271.66
825,Appliances Item 75,Appliances,Prime,2980,3212.15
826,Appliances Item 76,Appliances,Everest,4712,5079.23
827,Appliances Item 77,Appliances,Everest,4541,4778.78
828,Appliances Item 78,Appliances,Apex,410,427.88
829,Appliances Item 79,Appliances,Everest,1892,1969.19
830,Appliances Item 80,Appliances,Apex,105,110.59
831,Appliances Item 81,Appliances,Prime,1168,1230.64
832,Appliances Item 82,Appliances,Prime,2750,2866.55
833,Appliances Item 83,Appliances,Prime,4905,5239.46
834,Appliances Item 84,Appliances,Aura,1008,1082.45
835,Appliances Item 85,Appliances,Nimbus,694,732.13
836,Appliances Item 86,Appliances,Vista,4900,5115.8
837,Appliances Item 87,Appliances,Prime,2742,2866.65
838,Appliances Item 88,Appliances,Everest,3678,3941.62
839,Appliances Item 89,Appliances,Aura,2699,2825.77
840,Appliances Item 90,Appliances,Prime,1928,2056.45
841,Appliances Item 91,Appliances,Vista,3199,3366.22
842,Appliances Item 92,Appliances,Nova,1143,1196.84
843,Appliances Item 93,Appliances,Nova,4792,5058.74
844,Appliances Item 94,Appliances,Apex,1591,1692.98
845,Appliances Item 95,Appliances,Everest,4732,4940.99
846,Appliances Item 96,Appliances,UrbanX,1252,1318.66
847,Appliances Item 97,Appliances,Aura,2049,2159.38
848,Appliances Item 98,Appliances,UrbanX,1475,1571.54
849,Appliances Item 99,Appliances,Vista,2850,3014.92
850,Appliances Item 100,Appliances,UrbanX,1817,1907.82
851,Appliances Item 101,Appliances,UrbanX,2971,3120.34
852,Appliances Item 102,Appliances,Everest,110,114.61
853,Appliances Item 103,Appliances,Nimbus,3537,3815.59
854,Appliances Item 104,Appliances,Aura,4139,4450.55
855,Appliances Item 105,Appliances,Everest,4573,4824.58
856,Appliances Item 106,Appliances,Apex,4835,5154.3
857,Appliances Item 107,Appliances,Nova,1432,1515.13
858,Appliances Item 108,Appliances,Vista,2515,2617.62
859,Appliances Item 109,Appliances,Prime,957,998.12
860,Appliances Item 110,Appliances,UrbanX,3175,3322.43
861,Appliances Item 111,Appliances,UrbanX,4581,4936.82
862,Appliances Item 112,Appliances,Everest,2868,3050.87
863,Appliances Item 113,Appliances,Prime,353,373.21
864,Appliances Item 114,Appliances,UrbanX,3656,3825.21
865,Appliances Item 115,Appliances,Apex,2812,2947.6
866,Appliances Item 116,Appliances,Vista,3452,3686.35
867,Appliances Item 117,Appliances,UrbanX,2406,2530.86
868,Appliances Item 118,Appliances,Everest,506,534.19
869,Appliances Item 119,Appliances,Nova,1358,1415.28
870,Appliances Item 120,Appliances,Everest,3602,3758.71
871,Appliances Item 121,Appliances,Apex,1735,1811.13
872,Appliances Item 122,Appliances,UrbanX,1499,1597.23
873,Appliances Item 123,Appliances,Vista,3979,4272.45
874,Appliances Item 124,Appliances,Vista,3356,3553.46
875,Appliances Item 125,Appliances,Nimbus,846,901.56
876,Appliances Item 126,Appliances,Nimbus,1614,1702.51
877,Appliances Item 127,Appliances,Nova,3126,3274.37
878,Appliances Item 128,Appliances,Vista,2256,2385.92
879,Appliances Item 129,Appliances,Nova,1953,2096.51
880,Appliances Item 130,Appliances,UrbanX,1338,1431.78
881,Appliances Item 131,Appliances,Nimbus,802,855.51
882,Appliances Item 132,Appliances,Nova,4931,5173.11
883,Appliances Item 133,Appliances,Nimbus,3271,3508.92
884,Appliances Item 134,Appliances,Everest,4486,4788.73
885,Appliances Item 135,Appliances,Everest,4791,5151.6
886,Appliances Item 136,Appliances,Nova,2548,2657.97
887,Appliances Item 137,Appliances,Prime,4213,4477.78
888,Appliances Item 138,Appliances,Everest,1085,1169.6
889,Appliances Item 139,Appliances,Prime,1516,1634.19
890,Appliances Item 140,Appliances,Prime,1835,1967.74
891,Appliances Item 141,Appliances,Nimbus,449,474.56
892,Appliances Item 142,Appliances,Prime,1754,1894.13
893,Appliances Item 143,Appliances,UrbanX,4974,5224.27
894,Appliances Item 144,Appliances,Nimbus,812,857.09
895,Appliances Item 145,Appliances,Vista,4622,4867.17
896,Appliances Item 146,Appliances,Nova,4357,4611.13
897,Appliances Item 147,Appliances,Nimbus,4913,5212.21
898,Appliances Item 148,Appliances,Prime,1021,1078.77
899,Appliances Item 149,Appliances,UrbanX,4741,5042.14
900,Appliances Item 150,Appliances,UrbanX,965,1025.32
901,Sports Item 1,Sports,Aura,2443,2869.79
902,Sports Item 2,Sports,Everest,3466,3987.86
903,Sports Item 3,Sports,Nova,4786,5572.62
904,Sports Item 4,Sports,Prime,1510,1738.04
905,Sports Item 5,Sports,Aura,3390,3869.86
906,Sports Item 6,Sports,Everest,2046,2336.47
907,Sports Item 7,Sports,Nova,2300,2704.53
908,Sports Item 8,Sports,Vista,2867,3362.12
909,Sports Item 9,Sports,Everest,2647,3047.26
910,Sports Item 10,Sports,Apex,904,1065.73
911,Sports Item 11,Sports,Everest,1200,1382.42
912,Sports Item 12,Sports,Nimbus,2728,3139.32
913,Sports Item 13,Sports,Apex,831,953.59
914,Sports Item 14,Sports,Aura,3435,4017.71
915,Sports Item 15,Sports,Prime,560,649.94
916,Sports Item 16,Sports,Nimbus,637,734.11
917,Sports Item 17,Sports,Nova,1211,1418.35
918,Sports Item 18,Sports,Apex,1523,1747.96
919,Sports Item 19,Sports,Everest,572,657.79
920,Sports Item 20,Sports,Apex,514,604.83
921,Sports Item 21,Sports,Everest,2344,2706.7
922,Sports Item 22,Sports,UrbanX,4237,4897.45
923,Sports Item 23,Sports,Everest,350,402.39
924,Sports Item 24,Sports,Everest,4966,5749.85
925,Sports Item 25,Sports,Aura,4907,5702.2
926,Sports Item 26,Sports,Vista,1439,1688.68
927,Sports Item 27,Sports,Nimbus,840,967.18
928,Sports Item 28,Sports,Apex,506,580.14
929,Sports Item 29,Sports,Apex,1913,2230.36
930,Sports Item 30,Sports,Nova,2304,2686.61
931,Sports Item 31,Sports,Prime,172,199.34
932,Sports Item 32,Sports,Nova,1518,1767.02
933,Sports Item 33,Sports,Vista,1933,2223.13
934,Sports Item 34,Sports,Nimbus,2355,2724.62
935,Sports Item 35,Sports,Apex,2956,3424.11
936,Sports Item 36,Sports,Nimbus,3923,4519.63
937,Sports Item 37,Sports,Aura,4888,5592.32
938,Sports Item 38,Sports,Vista,4699,5478.53
939,Sports Item 39,Sports,Everest,2545,2970.97
940,Sports Item 40,Sports,Vista,622,717.45
941,Sports Item 41,Sports,Vista,2763,3245.03
942,Sports Item 42,Sports,Apex,2547,2922.77
943,Sports Item 43,Sports,Nimbus,565,662.3
944,Sports Item 44,Sports,Nova,2718,3172.53
945,Sports Item 45,Sports,Vista,4174,4924.9
946,Sports Item 46,Sports,Nova,3528,4079.02
947,Sports Item 47,Sports,Apex,4876,5696.74
948,Sports Item 48,Sports,Apex,2911,3403.14
949,Sports Item 49,Sports,Everest,4479,5220.42
950,Sports Item 50,Sports,Prime,3036,3522.65
951,Sports Item 51,Sports,UrbanX,4673,5361.08
952,Sports Item 52,Sports,Vista,3956,4530.09
953,Sports Item 53,Sports,Prime,4679,5476.85
954,Sports Item 54,Sports,Apex,2849,3322.44
955,Sports Item 55,Sports,Vista,3010,3458.29
956,Sports Item 56,Sports,Aura,3544,4151.88
957,Sports Item 57,Sports,Vista,3144,3616.93
958,Sports Item 58,Sports,Everest,3899,4577.62
959,Sports Item 59,Sports,UrbanX,539,633.14
960,Sports Item 60,Sports,UrbanX,3968,4664.69
961,Sports Item 61,Sports,Nimbus,3226,3746.01
962,Sports Item 62,Sports,Prime,542,636.76
963,Sports Item 63,Sports,Aura,1225,1445.13
964,Sports Item 64,Sports,Everest,3452,4071.59
965,Sports Item 65,Sports,Prime,1273,1467.33
966,Sports Item 66,Sports,Prime,762,883.54
967,Sports Item 67,Sports,Nova,2667,3108.07
968,Sports Item 68,Sports,Prime,3803,4377.03
969,Sports Item 69,Sports,Everest,4820,5642.19
970,Sports Item 70,Sports,Nimbus,821,940.19
971,Sports Item 71,Sports,Everest,3617,4181.74
972,Sports Item 72,Sports,Apex,3240,3694.21
973,Sports Item 73,Sports,Aura,3156,3717.78
974,Sports Item 74,Sports,Nova,4450,5106.92
975,Sports Item 75,Sports,Aura,2138,2456.67
976,Sports Item 76,Sports,Nimbus,2656,3041.54
977,Sports Item 77,Sports,Prime,4223,4913.66
978,Sports Item 78,Sports,Vista,634,743.65
979,Sports Item 79,Sports,Aura,2482,2874.74
980,Sports Item 80,Sports,Prime,3652,4293.0
981,Sports Item 81,Sports,Everest,2907,3429.81
982,Sports Item 82,Sports,Prime,3042,3559.15
983,Sports Item 83,Sports,Apex,3404,3883.16
984,Sports Item 84,Sports,Nova,1174,1348.28
985,Sports Item 85,Sports,UrbanX,4930,5719.71
986,Sports Item 86,Sports,Nova,3103,3625.68
987,Sports Item 87,Sports,Vista,3173,3728.47
988,Sports Item 88,Sports,Nova,4480,5218.87
989,Sports Item 89,Sports,Nova,985,1148.65
990,Sports Item 90,Sports,Nimbus,495,577.96
991,Sports Item 91,Sports,Vista,3739,4319.33
992,Sports Item 92,Sports,Apex,3986,4655.95
993,Sports Item 93,Sports,UrbanX,176,202.76
994,Sports Item 94,Sports,Prime,4362,5019.79
995,Sports Item 95,Sports,UrbanX,3531,4142.66
996,Sports Item 96,Sports,UrbanX,4290,5013.94
997,Sports Item 97,Sports,UrbanX,2415,2764.11
998,Sports Item 98,Sports,Apex,4177,4794.97
999,Sports Item 99,Sports,Apex,2254,2644.53
1000,Sports Item 100,Sports,Vista,3032,3541.79
1001,Sports Item 101,Sports,Everest,1413,1613.05
1002,Sports Item 102,Sports,Everest,1801,2102.72
1003,Sports Item 103,Sports,Nova,2808,3227.46
1004,Sports Item 104,Sports,Everest,829,975.13
1005,Sports Item 105,Sports,UrbanX,1321,1556.11
1006,Sports Item 106,Sports,Apex,929,1092.68
1007,Sports Item 107,Sports,Vista,3841,4530.64
1008,Sports Item 108,Sports,UrbanX,2263,2621.85
1009,Sports Item 109,Sports,Vista,1531,1798.87
1010,Sports Item 110,Sports,Aura,3050,3574.79
1011,Sports Item 111,Sports,UrbanX,3589,4197.48
1012,Sports Item 112,Sports,Prime,475,541.68
1013,Sports Item 113,Sports,Everest,1496,1725.11
1014,Sports Item 114,Sports,UrbanX,2297,2699.29
1015,Sports Item 115,Sports,Prime,3152,3696.03
1016,Sports Item 116,Sports,Everest,1032,1193.02
1017,Sports Item 117,Sports,Everest,2326,2729.39
1018,Sports Item 118,Sports,Prime,3554,4143.8
1019,Sports Item 119,Sports,Nova,1026,1175.08
1020,Sports Item 120,Sports,Everest,1405,1607.53
1021,Sports Item 121,Sports,Prime,4760,5555.57
1022,Sports Item 122,Sports,Nova,3210,3759.44
1023,Sports Item 123,Sports,Everest,1170,1356.41
1024,Sports Item 124,Sports,Everest,1025,1204.89
1025,Sports Item 125,Sports,Aura,476,543.85
1026,Sports Item 126,Sports,Apex,201,234.8
1027,Sports Item 127,Sports,UrbanX,2871,3332.55
1028,Sports Item 128,Sports,Apex,3645,4251.78
1029,Sports Item 129,Sports,Nimbus,4047,4669.55
1030,Sports Item 130,Sports,Nova,1317,1545.58
1031,Sports Item 131,Sports,Prime,195,227.32
1032,Sports Item 132,Sports,Everest,4241,4978.74
1033,Sports Item 133,Sports,Everest,1454,1661.91
1034,Sports Item 134,Sports,Vista,2726,3133.91
1035,Sports Item 135,Sports,Nimbus,512,594.06
1036,Sports Item 136,Sports,UrbanX,3403,3990.64
1037,Sports Item 137,Sports,Everest,3860,4468.98
1038,Sports Item 138,Sports,Everest,821,964.07
1039,Sports Item 139,Sports,Everest,2689,3078.23
1040,Sports Item 140,Sports,Nimbus,245,280.31
1041,Sports Item 141,Sports,Nova,393,456.78
1042,Sports Item 142,Sports,Vista,844,988.89
1043,Sports Item 143,Sports,Everest,4264,4956.87
1044,Sports Item 144,Sports,Nova,2892,3338.91
1045,Sports Item 145,Sports,Aura,1926,2260.69
1046,Sports Item 146,Sports,Everest,4688,5488.23
1047,Sports Item 147,Sports,UrbanX,3076,3594.73
1048,Sports Item 148,Sports,Apex,898,1050.99
1049,Sports Item 149,Sports,Vista,117,134.98
1050,Sports Item 150,Sports,UrbanX,4586,5323.79
1051,Home Item 1,Home Decor,Everest,475,563.29
1052,Home Item 2,Home Decor,Nimbus,1250,1478.59
1053,Home Item 3,Home Decor,Apex,976,1132.33
1054,Home Item 4,Home Decor,Nimbus,1636,1889.3
1055,Home Item 5,Home Decor,Apex,1866,2180.01
1056,Home Item 6,Home Decor,Nimbus,2868,3310.56
1057,Home Item 7,Home Decor,UrbanX,480,569.79
1058,Home Item 8,Home Decor,Prime,3790,4427.84
1059,Home Item 9,Home Decor,Nova,4186,4814.63
1060,Home Item 10,Home Decor,Everest,4632,5500.09
1061,Home Item 11,Home Decor,Prime,4264,5036.82
1062,Home Item 12,Home Decor,Prime,4839,5598.46
1063,Home Item 13,Home Decor,Aura,948,1104.89
1064,Home Item 14,Home Decor,Nimbus,4229,5012.45
1065,Home Item 15,Home Decor,Aura,2133,2476.29
1066,Home Item 16,Home Decor,Prime,2509,2930.8
1067,Home Item 17,Home Decor,Vista,1231,1435.97
1068,Home Item 18,Home Decor,Apex,4587,5432.97
1069,Home Item 19,Home Decor,Vista,1745,2021.39
1070,Home Item 20,Home Decor,Prime,2928,3475.09
1071,Home Item 21,Home Decor,Aura,1556,1820.76
1072,Home Item 22,Home Decor,Everest,1045,1233.55
1073,Home Item 23,Home Decor,Nimbus,4874,5716.35
1074,Home Item 24,Home Decor,Nimbus,4473,5195.11
1075,Home Item 25,Home Decor,Nova,204,238.87
1076,Home Item 26,Home Decor,Nova,3220,3721.72
1077,Home Item 27,Home Decor,Prime,1737,2016.1
1078,Home Item 28,Home Decor,Prime,2447,2880.94
1079,Home Item 29,Home Decor,Vista,608,716.0
1080,Home Item 30,Home Decor,Nova,1771,2090.03
1081,Home Item 31,Home Decor,UrbanX,3038,3592.62
1082,Home Item 32,Home Decor,Nimbus,4702,5569.96
1083,Home Item 33,Home Decor,Vista,2046,2394.71
1084,Home Item 34,Home Decor,Nimbus,484,574.54
1085,Home Item 35,Home Decor,Aura,3512,4173.2
1086,Home Item 36,Home Decor,Vista,4623,5326.4
1087,Home Item 37,Home Decor,Everest,1763,2071.21
1088,Home Item 38,Home Decor,Aura,1947,2310.04
1089,Home Item 39,Home Decor,Apex,4920,5765.57
1090,Home Item 40,Home Decor,Prime,1685,1957.58
1091,Home Item 41,Home Decor,Prime,710,821.81
1092,Home Item 42,Home Decor,Nova,4309,4975.92
1093,Home Item 43,Home Decor,Vista,3610,4191.8
1094,Home Item 44,Home Decor,Vista,1165,1347.25
1095,Home Item 45,Home Decor,Prime,146,169.83
1096,Home Item 46,Home Decor,Aura,427,493.68
1097,Home Item 47,Home Decor,Vista,4989,5747.5
1098,Home Item 48,Home Decor,Aura,4118,4865.81
1099,Home Item 49,Home Decor,Aura,697,823.41
1100,Home Item 50,Home Decor,Prime,4404,5103.35
1101,Home Item 51,Home Decor,Prime,4364,5030.5
1102,Home Item 52,Home Decor,Nimbus,3507,4109.23
1103,Home Item 53,Home Decor,Apex,853,992.87
1104,Home Item 54,Home Decor,Vista,2818,3278.02
1105,Home Item 55,Home Decor,Everest,1889,2244.16
1106,Home Item 56,Home Decor,Nova,4698,5557.49
1107,Home Item 57,Home Decor,Everest,1039,1222.65
1108,Home Item 58,Home Decor,Apex,2068,2453.02
1109,Home Item 59,Home Decor,Aura,426,501.53
1110,Home Item 60,Home Decor,UrbanX,3224,3825.72
1111,Home Item 61,Home Decor,Vista,3261,3783.62
1112,Home Item 62,Home Decor,Aura,302,358.31
1113,Home Item 63,Home Decor,Everest,4313,5098.45
1114,Home Item 64,Home Decor,Apex,4087,4707.22
1115,Home Item 65,Home Decor,UrbanX,2724,3188.59
1116,Home Item 66,Home Decor,Nova,1471,1748.82
1117,Home Item 67,Home Decor,Apex,636,736.76
1118,Home Item 68,Home Decor,Apex,3575,4230.75
1119,Home Item 69,Home Decor,Nimbus,4505,5330.09
1120,Home Item 70,Home Decor,Prime,690,814.11
1121,Home Item 71,Home Decor,Aura,294,343.5
1122,Home Item 72,Home Decor,Nova,410,472.94
1123,Home Item 73,Home Decor,UrbanX,1558,1841.2
1124,Home Item 74,Home Decor,Vista,4810,5689.58
1125,Home Item 75,Home Decor,Nimbus,3439,4008.23
1126,Home Item 76,Home Decor,Nimbus,3647,4240.21
1127,Home Item 77,Home Decor,UrbanX,1069,1252.22
1128,Home Item 78,Home Decor,UrbanX,4897,5640.47
1129,Home Item 79,Home Decor,UrbanX,3030,3596.98
1130,Home Item 80,Home Decor,Vista,2474,2922.97
1131,Home Item 81,Home Decor,Everest,808,938.3
1132,Home Item 82,Home Decor,Nova,3224,3758.55
1133,Home Item 83,Home Decor,Apex,3982,4604.2
1134,Home Item 84,Home Decor,Vista,1217,1435.9
1135,Home Item 85,Home Decor,Aura,1280,1487.26
1136,Home Item 86,Home Decor,Prime,191,223.88
1137,Home Item 87,Home Decor,Nimbus,1109,1277.2
1138,Home Item 88,Home Decor,UrbanX,4500,5273.55
1139,Home Item 89,Home Decor,Aura,2596,3007.21
1140,Home Item 90,Home Decor,Prime,1834,2139.37
1141,Home Item 91,Home Decor,Vista,1418,1641.14
1142,Home Item 92,Home Decor,Nova,1691,1952.4
1143,Home Item 93,Home Decor,UrbanX,4596,5370.2
1144,Home Item 94,Home Decor,Vista,2481,2919.81
1145,Home Item 95,Home Decor,Everest,904,1046.74
1146,Home Item 96,Home Decor,Apex,2810,3271.64
1147,Home Item 97,Home Decor,UrbanX,919,1067.33
1148,Home Item 98,Home Decor,Everest,1685,1959.17
1149,Home Item 99,Home Decor,Vista,2789,3276.11
1150,Home Item 100,Home Decor,Aura,4885,5647.53
1151,Home Item 101,Home Decor,Prime,2691,3197.84
1152,Home Item 102,Home Decor,Apex,139,161.59
1153,Home Item 103,Home Decor,Aura,3672,4263.44
1154,Home Item 104,Home Decor,Aura,1200,1412.62
1155,Home Item 105,Home Decor,Aura,4031,4710.28
1156,Home Item 106,Home Decor,UrbanX,2602,3042.98
1157,Home Item 107,Home Decor,UrbanX,1539,1809.59
1158,Home Item 108,Home Decor,Prime,2398,2840.07
1159,Home Item 109,Home Decor,UrbanX,4512,5224.25
1160,Home Item 110,Home Decor,Nova,717,850.14
1161,Home Item 111,Home Decor,Apex,4866,5708.58
1162,Home Item 112,Home Decor,Everest,400,468.83
1163,Home Item 113,Home Decor,Apex,1317,1533.82
1164,Home Item 114,Home Decor,Vista,4930,5814.09
1165,Home Item 115,Home Decor,UrbanX,1196,1397.63
1166,Home Item 116,Home Decor,Nova,3350,3901.26
1167,Home Item 117,Home Decor,Prime,2056,2434.14
1168,Home Item 118,Home Decor,Prime,4311,4981.86
1169,Home Item 119,Home Decor,Prime,1567,1837.55
1170,Home Item 120,Home Decor,Nova,4060,4821.52
1171,Home Item 121,Home Decor,Apex,1892,2233.43
1172,Home Item 122,Home Decor,Apex,614,712.59
1173,Home Item 123,Home Decor,Aura,450,529.53
1174,Home Item 124,Home Decor,Everest,3279,3832.45
1175,Home Item 125,Home Decor,Aura,480,552.77
1176,Home Item 126,Home Decor,Vista,945,1113.35
1177,Home Item 127,Home Decor,Prime,2257,2647.79
1178,Home Item 128,Home Decor,Aura,3185,3746.03
1179,Home Item 129,Home Decor,UrbanX,4914,5779.52
1180,Home Item 130,Home Decor,Apex,4332,5025.39
1181,Home Item 131,Home Decor,Aura,4330,5049.79
1182,Home Item 132,Home Decor,Nova,4088,4830.82
1183,Home Item 133,Home Decor,Everest,4211,4991.22
1184,Home Item 134,Home Decor,Vista,1456,1687.79
1185,Home Item 135,Home Decor,Prime,1832,2117.81
1186,Home Item 136,Home Decor,UrbanX,3067,3600.91
1187,Home Item 137,Home Decor,Aura,1986,2316.84
1188,Home Item 138,Home Decor,Everest,1028,1202.0
1189,Home Item 139,Home Decor,Prime,4024,4661.51
1190,Home Item 140,Home Decor,Nova,3466,3989.01
1191,Home Item 141,Home Decor,Prime,1147,1345.36
1192,Home Item 142,Home Decor,Nova,1203,1413.74
1193,Home Item 143,Home Decor,Prime,4788,5534.33
1194,Home Item 144,Home Decor,Nimbus,2215,2628.98
1195,Home Item 145,Home Decor,Vista,4717,5544.86
1196,Home Item 146,Home Decor,Everest,802,929.25
1197,Home Item 147,Home Decor,Nimbus,4045,4679.35
1198,Home Item 148,Home Decor,Prime,1269,1499.68
1199,Home Item 149,Home Decor,Aura,4284,4971.93
1200,Home Item 150,Home Decor,UrbanX,3814,4477.11
